"MeTaPoint","MeTaBrush","MeTaPaint","BaseLine"
"mean_MCC",0.956103748195092,0.966762844072073,0.947361011219617,0.94692573405971
"lowerBound_CI",0.943523426946903,0.949260629325752,0.923559108559312,0.912371865788069
"upperBound_CI",0.965720845093828,0.972955894367405,0.960944484009822,0.962747960982196
