"MeTaPoint","MeTaBrush","MeTaPaint","BaseLine"
"mean_F1",0.95904932510693,0.927061145247433,0.966016828808736,0.880003831319178
"lowerBound_CI",0.941804319835626,0.902729878419842,0.934977567796356,0.840733913090065
"upperBound_CI",0.969667960795381,0.943999576992205,0.976554542495167,0.893842578455377
