"MeTaPoint","MeTaBrush","MeTaPaint","BaseLine"
"mean_MCC",0.938991175407519,0.889075284365271,0.953072742390848,0.822939231946969
"lowerBound_CI",0.913770745232729,0.851679534668168,0.922941362741052,0.780899050606693
"upperBound_CI",0.954573035138275,0.915025081744338,0.965542907845597,0.839076053186518
