"MeTaPoint","MeTaBrush","MeTaPaint","BaseLine"
"mean_MCC",0.975503625485155,0.976649240900309,0.973830663703324,0.936628061188213
"lowerBound_CI",0.960572662087248,0.959001524204092,0.952958141193989,0.860640455205018
"upperBound_CI",0.984512438867451,0.986179826749855,0.984374930170646,0.965625467024921
