"MeTaPoint","MeTaBrush","MeTaPaint","BaseLine"
"mean_F1",0.977780414115904,0.975329118024255,0.99243527341857,0.926729092502317
"lowerBound_CI",0.964862923120145,0.967091716200196,0.979095801316565,0.827936031149336
"upperBound_CI",0.986253258319743,0.979788193416155,0.997005723788055,0.960265071862195
