"MeTaPoint","MeTaBrush","MeTaPaint","BaseLine"
"mean_F1",0.692706720521745,0.879519975117045,0.662632705764911,0.692914620232364
"lowerBound_CI",0.658545818568609,0.856354098675661,0.593528657978114,0.642435591515192
"upperBound_CI",0.723864882599955,0.900868637664041,0.699326793663281,0.723836131123125
