"MeTaPoint","MeTaBrush","MeTaPaint","BaseLine"
"mean_MCC",0.954911412273285,0.946374117494506,0.985074239556114,0.883904181957234
"lowerBound_CI",0.928853467518689,0.929640332608776,0.962365654043299,0.796529160358461
"upperBound_CI",0.971638432379195,0.955244650896326,0.993682319933596,0.920153038445012
