"MeTaPoint","MeTaBrush","MeTaPaint","BaseLine"
"mean_F1",0.974627277666309,0.967760348528219,0.977782386524211,0.933236927761674
"lowerBound_CI",0.966226890212901,0.960306970920998,0.968293690088042,0.873110607229948
"upperBound_CI",0.980249966906048,0.973198265470838,0.983558646359041,0.953357959486626
