"MeTaPoint","MeTaBrush","MeTaPaint","BaseLine"
"mean_F1",0.970756153482659,0.977559253861684,0.9628212176752,0.962126037701862
"lowerBound_CI",0.962077476352851,0.96204769695837,0.941998580237627,0.932736628512292
"upperBound_CI",0.977343813154254,0.982370039899755,0.973325800632915,0.975248731109622
