"MeTaPoint","MeTaBrush","MeTaPaint","BaseLine"
"mean_F1",0.990923217959743,0.991091876979504,0.989856226194337,0.964088749523337
"lowerBound_CI",0.985174718741665,0.983404920149749,0.979651658774144,0.881686489516928
"upperBound_CI",0.994334412326424,0.994941702026717,0.994109606449621,0.985852838539638
