"MeTaPoint","MeTaBrush","MeTaPaint","BaseLine"
"mean_MCC",0.691729963083331,0.881725809553636,0.668400442878421,0.704865002636609
"lowerBound_CI",0.659249594776977,0.859826695002904,0.603554675893904,0.663834894644275
"upperBound_CI",0.722886065999,0.902451222931152,0.703798566250501,0.731427706752142
