"MeTaPoint","MeTaBrush","MeTaPaint","BaseLine"
"mean_MCC",0.956377490340263,0.94471537170804,0.964834664217476,0.897599302288031
"lowerBound_CI",0.941276750363003,0.931841017435154,0.952011650199823,0.839505339800244
"upperBound_CI",0.966115471831947,0.953649919657001,0.973319651010528,0.92120282110462
