"MeTaPoint","MeTaBrush","MeTaPaint","BaseLine"
"mean_time",38.4253403864367,17.4860231701943,40.3046062172056,27.0751682777554
"lowerBound_CI",32.5099355176489,14.2780161449745,32.125872439191,21.600712046268
"upperBound_CI",45.4170935839588,21.4148102372185,50.5655149256676,33.9370635420985
