"MeTaPoint/MeTaPaint","MeTaBrush/MeTaPoint","MeTaBrush/MeTaPaint","Baseline/MeTaBrush"
"mean_time",0.953373422862853,0.45506488672164,0.433846768678506,1.54838913423758
"lowerBound_CI",0.763099692120267,0.376699918671799,0.349944805286632,1.25065063323284
"upperBound_CI",1.1910906173947,0.549732136542886,0.537864874258133,1.91700931284671
