"MeTaPoint/MeTaBrush","MeTaPoint/MeTaPaint","MeTaPoint/BaseLine","MeTaBrush/MeTaPaint","MeTaBrush/BaseLine","MeTaPaint/BaseLine"
"mean_time",0.357398985568982,1.10485823058042,0.225867518239075,3.09138602847871,0.631975823544916,0.204431222022413
"lowerBound_CI",0.302930176302248,0.863637048610228,0.184414871801124,2.44283594054676,0.527864757375013,0.158456942503767
"upperBound_CI",0.421661639804055,1.41345454279164,0.276637861671458,3.91212009715822,0.756620774479044,0.263744357787186
