"MeTaPoint","MeTaBrush","MeTaPaint","BaseLine"
"mean_time",14.3216372098783,40.0718462786851,12.9624207101708,63.4072456346697
"lowerBound_CI",11.8314646486953,34.8647767437964,10.4106160364008,51.5528983248179
"upperBound_CI",17.3359172732674,46.0565939080131,16.1397125856882,77.9874445398515
