"MeTaPoint/MeTaBrush","MeTaPoint/MeTaPaint","MeTaPoint/BaseLine","MeTaBrush/MeTaPaint","MeTaBrush/BaseLine","MeTaPaint/BaseLine"
"mean_time",0.205159340126988,1.35169008958162,0.190954685653206,6.58848916527494,0.930762818475681,0.141271055491952
"lowerBound_CI",0.167364684092612,1.02744076796445,0.148191297783688,5.16686103398391,0.767281536839879,0.105398103866712
"upperBound_CI",0.251488867376885,1.77826903043074,0.246058253880333,8.40126900945029,1.12907633334279,0.189353606826255
