"MeTaPoint/MeTaPaint","MeTaBrush/MeTaPoint","MeTaBrush/MeTaPaint","Baseline/MeTaBrush"
"mean_time",1.35169008958162,4.87426016958832,6.58848916527494,1.07438756700414
"lowerBound_CI",1.02744076796445,3.97631915253484,5.16686103398391,0.885679710457979
"upperBound_CI",1.77826903043074,5.97497617506118,8.40126900945029,1.30330257146366
