"MeTaPoint/MeTaBrush","MeTaPoint/MeTaPaint","MeTaPoint/BaseLine","MeTaBrush/MeTaPaint","MeTaBrush/BaseLine","MeTaPaint/BaseLine"
"mean_time",0.264253890722742,1.08858873445938,0.297708153281193,4.11948044163916,1.12659894038628,0.273480832436724
"lowerBound_CI",0.228593387342898,0.918965668942755,0.233516532582943,3.4022306486407,0.90832255625859,0.217308875326538
"upperBound_CI",0.305477422482738,1.28952089598214,0.379545480355304,4.98793904987824,1.39732869533426,0.344172623404812
