"MeTaPoint/MeTaPaint","MeTaBrush/MeTaPoint","MeTaBrush/MeTaPaint","Baseline/MeTaBrush"
"mean_time",1.08858873445938,3.78423945723173,4.11948044163916,0.887627321624433
"lowerBound_CI",0.918965668942755,3.27356435010024,3.4022306486407,0.715651230336173
"upperBound_CI",1.28952089598214,4.37457973576447,4.98793904987824,1.10093049336904
