"MeTaPoint","MeTaBrush","MeTaPaint","BaseLine"
"mean_time",16.4765209165983,36.2716528074293,14.7668503492517,44.8446013056392
"lowerBound_CI",14.2070377598334,31.7832314130359,12.5715143915254,37.1681286447074
"upperBound_CI",19.1085394509632,41.3939281467488,17.345553005467,54.1065245841508
