"MeTaPoint/MeTaPaint","MeTaBrush/MeTaPoint","MeTaBrush/MeTaPaint","Baseline/MeTaBrush"
"mean_time",1.10501089981443,0.760587378304006,0.84045734328721,0.894091232548988
"lowerBound_CI",0.870588121087266,0.607122247480373,0.703054227655144,0.691447643106156
"upperBound_CI",1.40255656967126,0.95284460820893,1.00471417153881,1.15612388022594
