"MeTaPoint","MeTaBrush","MeTaPaint","BaseLine"
"mean_time",11.2340399987783,42.5122974274961,10.3198201884363,37.7350767016697
"lowerBound_CI",9.6072411340337,35.9338922339595,8.9425342465984,30.3613923986636
"upperBound_CI",13.1363055151257,50.2950089791803,11.9092290602261,46.899562279086
