"MeTaPoint/MeTaBrush","MeTaPoint/MeTaPaint","MeTaPoint/BaseLine","MeTaBrush/MeTaPaint","MeTaBrush/BaseLine","MeTaPaint/BaseLine"
"mean_time",2.19748881792256,0.953373422862853,1.41920966075792,0.433846768678506,0.645832483507059,1.48861886300147
"lowerBound_CI",1.81906774868343,0.763099692120267,1.15000052953373,0.349944805286632,0.521645874800172,1.24223025309901
"upperBound_CI",2.6546329065477,1.1910906173947,1.75143924673256,0.537864874258133,0.799583811359909,1.78387711437194
