"MeTaPoint/MeTaPaint","MeTaBrush/MeTaPoint","MeTaBrush/MeTaPaint","Baseline/MeTaBrush"
"mean_time",1.10485823058042,2.79799339219722,3.09138602847871,1.58233901162665
"lowerBound_CI",0.863637048610228,2.37156977443976,2.44283594054676,1.32166606274924
"upperBound_CI",1.41345454279164,3.30109074046902,3.91212009715822,1.89442463439469
