"MeTaPoint/MeTaPaint","MeTaBrush/MeTaPoint","MeTaBrush/MeTaPaint","Baseline/MeTaBrush"
"mean_time",1.11577760503499,2.20141454564535,2.45628904942937,1.23635395231987
"lowerBound_CI",0.948663965844665,1.98565397514963,2.13119894311688,1.06020659636978
"upperBound_CI",1.31232945354802,2.44061959557367,2.83096794592196,1.44176719957307
