"MeTaPoint/MeTaBrush","MeTaPoint/MeTaPaint","MeTaPoint/BaseLine","MeTaBrush/MeTaPaint","MeTaBrush/BaseLine","MeTaPaint/BaseLine"
"mean_time",0.454253380844654,1.11577760503499,0.367413700576848,2.45628904942937,0.80882986471926,0.329289366374516
"lowerBound_CI",0.409732021251329,0.948663965844665,0.3078504034228,2.13119894311688,0.693593251598537,0.277053546607524
"upperBound_CI",0.503612418132744,1.31232945354802,0.438501382069574,2.83096794592196,0.943212392211164,0.391373754767107
