"MeTaPoint","MeTaBrush","MeTaPaint","BaseLine"
"mean_time",43.6119358406931,33.1706879438353,39.467425930384,29.6576212682015
"lowerBound_CI",35.1415466463275,28.5237401519409,32.996006356517,23.9934064322612
"upperBound_CI",54.1239965023424,38.5746936694215,47.2080679322179,36.6590088727632
