"MeTaPoint","MeTaBrush","MeTaPaint","BaseLine"
"mean_time",11.9210826433888,58.1064583070406,8.81939043222449,62.4288563677287
"lowerBound_CI",9.59628737480258,49.9582384573152,6.83092843579096,51.0126613009661
"upperBound_CI",14.8090824961804,67.5836578960373,11.3866875238324,76.399897750653
